term,estimate,se,p,tau2,k,median,iqr_low,iqr_high,sign_consistency_frac,n_dirs,hyperparameter,effect_type,target,row_set,weighted,pruning_sensitive
lr,0.31420993187518975,0.08000520313778513,8.588027140898902e-05,0.04705948070579995,22,0.37357781166698023,0.1629282781386004,0.6221637836284232,0.9090909090909091,22,lr,failure_logit,failed,all,False,
weight_decay,0.17288200190880124,0.060969522557754736,0.004574715376003624,0.025309611258487096,13,0.17192481563136525,0.13503428565146666,0.5237452150872126,0.7692307692307693,13,weight_decay,failure_logit,failed,all,False,
batch_size,-0.6423660971315066,0.3584407017972168,0.07311493136098246,0.7939353901922769,13,-0.6711122129801157,-1.6399752811550121,0.131864008626962,0.6923076923076923,13,batch_size,failure_logit,failed,all,False,
optimizer[SGD],0.9088857949866055,0.17893348285228453,3.78505574882837e-07,0.0,13,1.5781853689299135,0.6350395497556134,20.376413781471058,0.9230769230769231,13,optimizer,failure_logit,failed,all,False,
loss[CrossEntropy],-0.89594247851912,0.16956028160317096,1.2645046143511252e-07,0.0,13,-0.8109302162165278,-1.3226212662587484,-0.009569451016145925,0.7692307692307693,13,loss,failure_logit,failed,all,False,
head[CosFace],-1.0076643337116569,0.6518089605884531,0.12211654327589772,1.4697761671522327,13,-5.2149357576089885,-23.25921571346398,-0.028987536873252173,0.7692307692307693,13,head,failure_logit,failed,all,False,
head[Baseline],-15.206672803022963,5594.632033814297,0.9978312864121406,0.0,7,-24.86535150758293,-25.854989153818554,-10.48168941904896,0.8571428571428571,7,head,failure_logit,failed,all,False,
head[Linear],-24.341065334134505,6124.281825985388,0.9968288021937866,0.0,6,-23.570801308751534,-27.417293603173974,-22.19190636108606,1.0,6,head,failure_logit,failed,all,False,
lr,0.28777103755409955,0.07693102983294152,0.00018355464258168475,0.03497320012947454,22,0.3582449423390769,0.15400145930487227,0.5637423273109341,0.9090909090909091,22,lr,failure_logit,failed,final_budget_only,False,
weight_decay,0.1576572545623875,0.06843849337152225,0.021243185830211342,0.033722691901899464,13,0.21129880428981807,0.07348999227410896,0.5010123857474802,0.7692307692307693,13,weight_decay,failure_logit,failed,final_budget_only,False,
batch_size,-0.6117408062461426,0.38454591429311513,0.11165156883058436,0.9246956888445931,13,-0.6376845646308402,-1.5818502965876222,0.26676184166253647,0.6923076923076923,13,batch_size,failure_logit,failed,final_budget_only,False,
optimizer[SGD],0.7575560495426003,0.19634786611779864,0.00011420918917148803,0.0,13,1.3862943611196876,0.49729577153655824,20.486454731961203,0.8461538461538461,13,optimizer,failure_logit,failed,final_budget_only,False,
loss[CrossEntropy],-0.9280273726904587,0.18246141941213714,3.653921736290755e-07,0.0,13,-0.8000309257582926,-1.252762968495164,-0.19716806491094974,0.8461538461538461,13,loss,failure_logit,failed,final_budget_only,False,
head[CosFace],-1.0176945394255523,0.6195649948063328,0.10046669689106613,1.2017148755552218,13,-4.8675344504555795,-23.41336637684843,-0.14310084364066894,0.7692307692307693,13,head,failure_logit,failed,final_budget_only,False,
head[Baseline],-14.994799328127995,6160.185801621329,0.9980578334084664,0.0,7,-25.070145920226302,-25.99503509719615,-10.63174171519276,0.7142857142857143,7,head,failure_logit,failed,final_budget_only,False,
head[Linear],-25.191992487509697,6557.148203292898,0.9969346045276313,0.0,6,-23.768983303356606,-27.312756835729044,-22.422825221134573,1.0,6,head,failure_logit,failed,final_budget_only,False,
lr,-0.24475620838762394,0.057902555850551506,2.367894259136527e-05,0.07929556796564972,30,-0.2990586474779135,-0.48429733901071104,-0.10281522538100263,0.8,30,lr,total,PR,all,False,False
lr,-0.15328624828782103,0.047575351950172685,0.0012731347743231147,0.052252585793452995,30,-0.11543858734463858,-0.28267422809467824,0.04954171582976634,0.7,30,lr,direct_net_of_MA,PR,all,False,False
lr,-0.30300375066570473,0.0426301826304523,1.1797229859666913e-12,0.03329247706442983,30,-0.30792645364479987,-0.46396276543141446,-0.15390735686251839,0.9,30,lr,total,MA,all,False,False
weight_decay,-0.3823003456540373,0.06333646402671546,1.57958868207686e-09,0.05546451127679027,16,-0.4347555201734336,-0.5430637628334025,-0.3788785517041971,0.8125,16,weight_decay,total,PR,all,False,False
weight_decay,-0.2685854186346015,0.05436676073705883,7.802225734376833e-07,0.03911471083680173,16,-0.30454148271842274,-0.4068086787040378,-0.15913513111202818,0.8125,16,weight_decay,direct_net_of_MA,PR,all,False,False
weight_decay,-0.278903384739864,0.05093445482572968,4.3570860253083765e-08,0.03145816909860227,16,-0.3440989441074008,-0.4374590730907864,-0.08874794032354297,0.8125,16,weight_decay,total,MA,all,False,False
batch_size,-0.11817232549252148,0.054692371122378826,0.030720613784462447,0.037194521441491074,16,-0.16014295337079168,-0.23993311544741358,-0.013466793926646736,0.75,16,batch_size,total,PR,all,False,False
batch_size,-0.15199291315134075,0.043925818629538774,0.0005397380135350183,0.022724546485856423,16,-0.1253646723206537,-0.26733175374521423,-0.03920978863116427,0.8125,16,batch_size,direct_net_of_MA,PR,all,False,False
batch_size,0.11104229809161481,0.03325454727367832,0.0008403174814457515,0.007116541257435577,16,0.07925758172540484,0.03193479473481079,0.21394461868600922,0.8125,16,batch_size,total,MA,all,False,False
optimizer[SGD],0.20781781473682673,0.09686750582325221,0.031922307705530395,0.12894488549887353,16,0.24065498539841482,0.01993243243243253,0.38289399775316957,0.75,16,optimizer,total,PR,all,False,False
optimizer[SGD],0.2663220859383081,0.07676296780692295,0.0005216058838932724,0.07736565059679186,16,0.27661184509314707,0.10748712691417861,0.49588051941065286,0.8125,16,optimizer,direct_net_of_MA,PR,all,False,False
optimizer[SGD],-0.1844349909783625,0.063843853436443,0.0038665972686862116,0.04447865435946899,16,-0.14566460764127198,-0.3388993710691824,-0.019474587360961977,0.875,16,optimizer,total,MA,all,False,False
loss[CrossEntropy],0.004851761613826475,0.06027950091499018,0.9358493358848234,0.04240408192930529,16,0.026545608862682042,-0.12977794932593636,0.14661213597865208,0.5625,16,loss,total,PR,all,False,False
loss[CrossEntropy],-0.016142729963801738,0.05589200386222127,0.7727191069718546,0.03761766136322495,16,-0.03056689264978583,-0.12266705481185722,0.1457985225191818,0.5625,16,loss,direct_net_of_MA,PR,all,False,False
loss[CrossEntropy],0.08057602619147294,0.038061611178746416,0.03426075014666341,0.008025984633364349,16,0.05906729900632346,-0.05568547306352197,0.19778714436248693,0.5625,16,loss,total,MA,all,False,False
head[CosFace],0.623363973333145,0.04724901215879821,0.0,0.01657241739068091,12,0.6624652911273444,0.48826910005728313,0.7422820787874218,1.0,12,head,total,PR,all,False,False
head[Baseline],0.13992840539270626,0.07766535285353948,0.07159517370131008,0.03086104288113012,8,0.195634241919072,-0.05920502993390276,0.35101110623576726,0.625,8,head,total,PR,all,False,False
head[Linear],0.7827702349352714,0.053070530474349425,0.0,0.0059806265512748116,4,0.7407382665540628,0.7218606903043864,0.7992873672221499,1.0,4,head,total,PR,all,False,False
head[CosFace],0.47525814066552124,0.05287666490954465,0.0,0.02434855639733498,12,0.41932287443894756,0.38841890608744406,0.5971327280145384,1.0,12,head,direct_net_of_MA,PR,all,False,False
head[Baseline],-0.009595892760229454,0.05902362291124121,0.870851374398554,0.014528212014915083,8,0.013414793871602125,-0.13454134039205706,0.12687546129290095,0.5,8,head,direct_net_of_MA,PR,all,False,False
head[Linear],0.6711524730137437,0.1628626089855603,3.7727505315388044e-05,0.09607312607695474,4,0.6388802027671472,0.4143500790955105,0.8976806240788426,1.0,4,head,direct_net_of_MA,PR,all,False,False
head[CosFace],0.3845774992770393,0.05050744247493218,2.6423307986078726e-14,0.01831234739020516,12,0.37637516816154803,0.26709366286197045,0.45006862451499896,1.0,12,head,total,MA,all,False,False
head[Baseline],0.4352270476763146,0.09387146176602244,3.545039803709571e-06,0.046547413376852725,8,0.447769624897441,0.3848709629169407,0.6793598148263216,1.0,8,head,total,MA,all,False,False
head[Linear],0.8455049948401672,0.043225003158438025,0.0,0.002306053591966683,4,0.8562614967873419,0.8244541572162059,0.8806189470251968,1.0,4,head,total,MA,all,False,False
lr,-0.23952673721769344,0.05380884987731631,8.52973226495024e-06,0.06693076338780202,30,-0.3032433171858505,-0.45854315464703127,-0.08058499077221123,0.7666666666666667,30,lr,total,PR,all,True,False
lr,-0.1660505644047261,0.04441617917086256,0.0001851102455401321,0.04460795883646978,30,-0.17565325978012508,-0.3081431754751785,-0.007157729974027127,0.7666666666666667,30,lr,direct_net_of_MA,PR,all,True,False
lr,-0.2738948448809516,0.043112805674354146,2.11181516718284e-10,0.03472406851645069,30,-0.2894403358447168,-0.4506964954772068,-0.08885305903343414,0.9,30,lr,total,MA,all,True,False
weight_decay,-0.36133100966854426,0.06526672808903608,3.0906810888353675e-08,0.05931638070341583,16,-0.4126315244266846,-0.48325775432411067,-0.3262927980589814,0.875,16,weight_decay,total,PR,all,True,False
weight_decay,-0.26157258332313293,0.05638201470748851,3.4960619286206196e-06,0.04272586259694176,16,-0.29233873353709844,-0.4337670215768992,-0.1293607192513979,0.8125,16,weight_decay,direct_net_of_MA,PR,all,True,False
weight_decay,-0.24609087140872524,0.05043773782008786,1.0656990061530536e-06,0.030495336963832335,16,-0.30722371941470233,-0.4024660719246821,-0.047192986152208044,0.75,16,weight_decay,total,MA,all,True,False
batch_size,-0.09323042737753592,0.05659237423343521,0.09947531069163751,0.04083887057649756,16,-0.11256357451717856,-0.2226013083765373,0.047427274270607014,0.6875,16,batch_size,total,PR,all,True,False
batch_size,-0.13682522411759818,0.04756787784903849,0.004022133617997303,0.027972438608734,16,-0.14249872919495907,-0.25745437867523013,-0.010535769216664971,0.8125,16,batch_size,direct_net_of_MA,PR,all,True,False
batch_size,0.13899860034843822,0.03373406393663983,3.781780541700641e-05,0.00783290142798624,16,0.1402535896083608,0.06720733492926245,0.2429931627566177,0.875,16,batch_size,total,MA,all,True,False
optimizer[SGD],0.22729479157748583,0.09672642056675416,0.018779823972799425,0.12922297165988286,16,0.2570523678221287,0.05812431758520032,0.44939031911538313,0.75,16,optimizer,total,PR,all,True,False
optimizer[SGD],0.27615094550262254,0.08209471342904069,0.0007687469289205939,0.09114165561490564,16,0.24326875954105423,0.12908257127752515,0.5523499396213551,0.8125,16,optimizer,direct_net_of_MA,PR,all,True,False
optimizer[SGD],-0.18399523294029946,0.05533064965488993,0.0008829926150963896,0.029099969062115285,16,-0.1676607609562158,-0.3760748503427983,-0.06030795179752726,0.8125,16,optimizer,total,MA,all,True,False
loss[CrossEntropy],0.0022960449230040522,0.057829071389305695,0.9683291199258857,0.03838994705023461,16,0.02661135909188598,-0.14668954765668255,0.14815728576856388,0.625,16,loss,total,PR,all,True,False
loss[CrossEntropy],-0.021602271249136717,0.052901899186756564,0.6830197787354633,0.03257457922196069,16,-0.012372232996910787,-0.15972982146233855,0.14665538136879785,0.5,16,loss,direct_net_of_MA,PR,all,True,False
loss[CrossEntropy],0.08865489472335467,0.04446710282729575,0.04618280391180796,0.016459570177604143,16,0.04230095937010277,-0.06264804989207527,0.23410285187945093,0.625,16,loss,total,MA,all,True,False
head[CosFace],0.5873353189990909,0.053113863763445186,0.0,0.022720318852408453,12,0.6416040503792749,0.4037366937166085,0.7103816544384564,1.0,12,head,total,PR,all,True,False
head[Baseline],0.10205269252915858,0.08676335913611985,0.23950746132933043,0.04080738173890806,8,0.18905150576977148,-0.14512362637362622,0.334086654086654,0.625,8,head,total,PR,all,True,False
head[Linear],0.7651219250690174,0.06376363489035991,0.0,0.01032628722604096,4,0.7328515700265883,0.6956276782452003,0.8030526638132813,1.0,4,head,total,PR,all,True,False
head[CosFace],0.4593818483797782,0.05735874435382806,1.1102230246251565e-15,0.029775029578132377,12,0.39652468500263516,0.3240833625503998,0.6029487263866165,1.0,12,head,direct_net_of_MA,PR,all,True,False
head[Baseline],-0.03231078537253838,0.0652971436608323,0.6207222905843788,0.01951723471151621,8,0.010918676038758852,-0.15265893699112437,0.12332918888137862,0.5,8,head,direct_net_of_MA,PR,all,True,False
head[Linear],0.6686625973185455,0.17604870696157807,0.00014576940563548746,0.11388053366669174,4,0.6131723477723594,0.3903355722506765,0.8937599429248801,1.0,4,head,direct_net_of_MA,PR,all,True,False
head[CosFace],0.3537259473951063,0.05275626898312027,2.015321243220569e-11,0.02059294157411171,12,0.33109476165477775,0.2415433606524285,0.41788479883121543,1.0,12,head,total,MA,all,True,False
head[Baseline],0.40689149546144915,0.09571728081633929,2.128446318661048e-05,0.04848010678930067,8,0.46555940404624574,0.328747964997965,0.6574723323979634,1.0,8,head,total,MA,all,True,False
head[Linear],0.8291709907581856,0.048776420829408036,0.0,0.0036607292892638556,4,0.8419753596836184,0.8055980826247985,0.8688699041195319,1.0,4,head,total,MA,all,True,False
lr,-0.254587911526231,0.054151396460213705,2.58371263561763e-06,0.06229886236839145,30,-0.3255825057295645,-0.4760116273459587,-0.08521906277021563,0.7666666666666667,30,lr,total,PR,final_budget_only,False,False
lr,-0.1887689555237024,0.04449352809927987,2.2092925080263726e-05,0.04096610439583908,30,-0.21028498766654186,-0.36223164101604255,-0.0005815000856406391,0.7333333333333333,30,lr,direct_net_of_MA,PR,final_budget_only,False,False
lr,-0.27398962494564116,0.04230552448463983,9.390555000265977e-11,0.02792060939700666,30,-0.3025988455372473,-0.4672764607066444,-0.09306777882803041,0.9,30,lr,total,MA,final_budget_only,False,False
weight_decay,-0.36214448547658623,0.06909847222680826,1.5971632549849346e-07,0.06538083724312,16,-0.41198131474216293,-0.5164445220845199,-0.3380006443511372,0.8125,16,weight_decay,total,PR,final_budget_only,False,False
weight_decay,-0.262887296567031,0.060743757780799455,1.5060093593755042e-05,0.04874185940131584,16,-0.29297380787586735,-0.4567663934141357,-0.14001353852872686,0.8125,16,weight_decay,direct_net_of_MA,PR,final_budget_only,False,False
weight_decay,-0.25399511924137846,0.05113307397915603,6.787919346606941e-07,0.029285414923799505,16,-0.3345067531740234,-0.40066435635708014,-0.012683926636986347,0.75,16,weight_decay,total,MA,final_budget_only,False,False
batch_size,-0.09063336560719601,0.057582903828048176,0.11549598131740213,0.039811460387254985,16,-0.11966527615228333,-0.2206444881422702,0.06435980090305617,0.6875,16,batch_size,total,PR,final_budget_only,False,False
batch_size,-0.13417389489292128,0.04822381735056236,0.005397247294091523,0.026722293430731143,16,-0.1559681778636905,-0.25122965712491513,0.0024661508269773185,0.6875,16,batch_size,direct_net_of_MA,PR,final_budget_only,False,False
batch_size,0.14251136191450126,0.03331579032902982,1.8892579070728388e-05,0.005153768072433089,16,0.13622855436636866,0.09009443748281704,0.24416033008147692,0.875,16,batch_size,total,MA,final_budget_only,False,False
optimizer[SGD],0.23160032729535612,0.09883081011196959,0.019108776789638515,0.13080284075589824,16,0.27515151515151526,0.060047562425683564,0.4329481792717088,0.75,16,optimizer,total,PR,final_budget_only,False,False
optimizer[SGD],0.27986184339396636,0.08344513399787555,0.0007969769012183825,0.0904352788363804,16,0.27756031330948727,0.12400937857538774,0.5445886730648523,0.8125,16,optimizer,direct_net_of_MA,PR,final_budget_only,False,False
optimizer[SGD],-0.1897769296157755,0.0590746541842007,0.0013158822662298064,0.03145946097924635,16,-0.1871709371709371,-0.40031181217901746,-0.05497442397864193,0.8125,16,optimizer,total,MA,final_budget_only,False,False
loss[CrossEntropy],0.007386466554625172,0.058831755771248995,0.9000862652257005,0.03642190494883392,16,0.020638613795754882,-0.11579233556808133,0.1469349955352161,0.625,16,loss,total,PR,final_budget_only,False,False
loss[CrossEntropy],-0.012216965623494398,0.05518784003141295,0.8248038772489008,0.03338869862286129,16,0.003802859678398868,-0.1588503079707022,0.14833387249728747,0.4375,16,loss,direct_net_of_MA,PR,final_budget_only,False,False
loss[CrossEntropy],0.08489672042860696,0.04414720577433811,0.05447537406524772,0.012680104508965402,16,0.05845700520418737,-0.08657523499993003,0.2345427073440399,0.625,16,loss,total,MA,final_budget_only,False,False
head[CosFace],0.6104821126639101,0.053569035901140864,0.0,0.021236645574331744,12,0.6427163203295607,0.42243531202435325,0.7422767230372609,1.0,12,head,total,PR,final_budget_only,False,False
head[Baseline],0.11407529705617594,0.08786407347265057,0.19417890877442767,0.039325810352365,8,0.2018858312476607,-0.14411575999400505,0.33101328331167035,0.625,8,head,total,PR,final_budget_only,False,False
head[Linear],0.7524360136828104,0.06563474473766003,0.0,0.01010003337281234,4,0.7051604436092465,0.6831738133840835,0.7730505534090037,1.0,4,head,total,PR,final_budget_only,False,False
head[CosFace],0.4812608907161645,0.05562920296172323,0.0,0.025129667413707386,12,0.4040225902975462,0.3514961718174435,0.6130350178000816,1.0,12,head,direct_net_of_MA,PR,final_budget_only,False,False
head[Baseline],-0.01861751595501522,0.06391256345784055,0.770824445415397,0.014959728636484725,8,0.015249227440227234,-0.15041537802811134,0.12446837819485589,0.5,8,head,direct_net_of_MA,PR,final_budget_only,False,False
head[Linear],0.6563602630595108,0.1781076398220976,0.00022853325034666305,0.11477730090917661,4,0.6051520234877433,0.3742382453476597,0.8899636704483754,1.0,4,head,direct_net_of_MA,PR,final_budget_only,False,False
head[CosFace],0.3701034731834433,0.05363577542679624,5.188960372493057e-12,0.019534627673596303,12,0.36824053879644936,0.23762899262899267,0.40651108292853116,1.0,12,head,total,MA,final_budget_only,False,False
head[Baseline],0.4287522543656638,0.0980220463791703,1.2196857079871393e-05,0.04825978316031708,8,0.4760663848783441,0.3493202764976959,0.7047844746274294,1.0,8,head,total,MA,final_budget_only,False,False
head[Linear],0.8244400064062503,0.05011573938668289,0.0,0.003198678004455976,4,0.8403686225071958,0.8080579952833911,0.8609355908350336,1.0,4,head,total,MA,final_budget_only,False,False
